kategoria;kod;plik;sciezka;projekt
IGUS (tuleje/prowadnice ślizgowe);IGUS;wałek igus.ipt;C:\projekty\2111 Zakręcarka AGAPIT chwytak\wałek igus.ipt;2111 Zakręcarka AGAPIT chwytak
IGUS (tuleje/prowadnice ślizgowe);LBN-12_16;_6058 LBN-12_16---(L).ipt;C:\projekty\2325 Dekorum lakiery\_6058 LBN-12_16---(L).ipt;2325 Dekorum lakiery
IGUS (tuleje/prowadnice ślizgowe);LBN-20_25;_6059 LBN-20_25---(L).ipt;C:\projekty\2134 Swetworld Dekle\_6059 LBN-20_25---(L).ipt;2134 Swetworld Dekle
Pneumatyka (Festo — zawory/złączki);QS-1;_190649 QS-1_4-12-I---(VTUG).ipt;C:\projekty\2110 Nalewarka AGAPIT masowe\_190649 QS-1_4-12-I---(VTUG).ipt;2110 Nalewarka AGAPIT masowe
Pneumatyka (Festo — zawory/złączki);QS-6;193158_GRLZ-1_8-QS-6-D.ipt;C:\projekty\2135 PUREICE pakowaczka nr2\193158_GRLZ-1_8-QS-6-D.ipt;2135 PUREICE pakowaczka nr2
Pneumatyka (Festo — zawory/złączki);QS-G1;_186107 QS-G1_8-6-I---(VTUG).ipt;C:\projekty\2110 Nalewarka AGAPIT masowe\_186107 QS-G1_8-6-I---(VTUG).ipt;2110 Nalewarka AGAPIT masowe
Pneumatyka (Festo — zawory/złączki);VUVG-B14-M52-MZT-F-1T1L---(V_G18);573483 VUVG-B14-M52-MZT-F-1T1L---(V_G18).ipt;C:\projekty\2203 ProszkiI Holandia\573483 VUVG-B14-M52-MZT-F-1T1L---(V_G18).ipt;2203 ProszkiI Holandia
Pneumatyka (Festo — zawory/złączki);VUVG-B14-T32C-AZT-F-1T1L---(V_G18);573476 VUVG-B14-T32C-AZT-F-1T1L---(V_G18).ipt;C:\projekty\2203 ProszkiI Holandia\573476 VUVG-B14-T32C-AZT-F-1T1L---(V_G18).ipt;2203 ProszkiI Holandia
Pneumatyka (Festo — zawory/złączki);VUVG-S14-B52-ZT-G18-1T1L---(V_G18);HI_573472 VUVG-S14-B52-ZT-G18-1T1L---(V_G18).ipt;C:\projekty\2110 Nalewarka AGAPIT masowe\HI_573472 VUVG-S14-B52-ZT-G18-1T1L---(V_G18).ipt;2110 Nalewarka AGAPIT masowe
Pneumatyka (Festo — zawory/złączki);VUVG-S14-M52-MZT-G18-1T1L---(V_G18);HI_573471 VUVG-S14-M52-MZT-G18-1T1L---(V_G18).ipt;C:\projekty\2110 Nalewarka AGAPIT masowe\HI_573471 VUVG-S14-M52-MZT-G18-1T1L---(V_G18).ipt;2110 Nalewarka AGAPIT masowe
Siłownik pneumatyczny (Festo);ADN-10-P---(Z);_536233 ADN-10-P---(Z).ipt;C:\projekty\2028 AGAPIT Nalewarka\_536233 ADN-10-P---(Z).ipt;2028 AGAPIT Nalewarka
Siłownik pneumatyczny (Festo);ADN-10-P-A-S20_(KS);_536218 ADN-10-P-A-S20_(KS).ipt;C:\projekty\2129 Strzykawki\Importowane komponenty\536218_ADN-16-10-A-P-A-S20\_536218 ADN-10-P-A-S20_(KS).ipt;2129 Strzykawki
Siłownik pneumatyczny (Festo);ADN-10-P-A_(KS);_536233 ADN-10-P-A_(KS).ipt;C:\projekty\2028 AGAPIT Nalewarka\_536233 ADN-10-P-A_(KS).ipt;2028 AGAPIT Nalewarka
Siłownik pneumatyczny (Festo);ADN-10-P-I-S2_(KS);536250 ADN-10-P-I-S2_(KS).ipt;C:\projekty\2325 Dekorum lakiery\Importowane komponenty\536250_ADN-25-10-I-P-A-S2\536250 ADN-10-P-I-S2_(KS).ipt;2325 Dekorum lakiery
Siłownik pneumatyczny (Festo);ADN-10-P-I_(KS);_536203 ADN-10-P-I_(KS).ipt;C:\projekty\2134 Swetworld Dekle\Importowane komponenty\536212_ADN-12-10-I-P-A\_536203 ADN-10-P-I_(KS).ipt;2134 Swetworld Dekle
Siłownik pneumatyczny (Festo);ADN-10-P-S2---(Z);536250 ADN-10-P-S2---(Z).ipt;C:\projekty\2325 Dekorum lakiery\Importowane komponenty\536250_ADN-25-10-I-P-A-S2\536250 ADN-10-P-S2---(Z).ipt;2325 Dekorum lakiery
Siłownik pneumatyczny (Festo);ADN-10-P-S20---(Z);_536218 ADN-10-P-S20---(Z).ipt;C:\projekty\2129 Strzykawki\Importowane komponenty\536218_ADN-16-10-A-P-A-S20\_536218 ADN-10-P-S20---(Z).ipt;2129 Strzykawki
Siłownik pneumatyczny (Festo);ADN-100-PPS---(Z);_536267 ADN-100-PPS---(Z).ipt;C:\projekty\2108 Wieszaki Etykieciarka\_536267 ADN-100-PPS---(Z).ipt;2108 Wieszaki Etykieciarka
Siłownik pneumatyczny (Festo);ADN-100-PPS-A_(KS);_536267 ADN-100-PPS-A_(KS).ipt;C:\projekty\2108 Wieszaki Etykieciarka\_536267 ADN-100-PPS-A_(KS).ipt;2108 Wieszaki Etykieciarka
Siłownik pneumatyczny (Festo);ADN-150-P-A-S20_(KS);536218 ADN-150-P-A-S20_(KS).ipt;C:\projekty\2223 Fabryka Zapachów\Importowane komponenty\536218_ADN-16-150-A-P-A-S20\536218 ADN-150-P-A-S20_(KS).ipt;2223 Fabryka Zapachów
Siłownik pneumatyczny (Festo);ADN-150-P-S20---(Z);536218 ADN-150-P-S20---(Z).ipt;C:\projekty\2223 Fabryka Zapachów\Importowane komponenty\536218_ADN-16-150-A-P-A-S20\536218 ADN-150-P-S20---(Z).ipt;2223 Fabryka Zapachów
Siłownik pneumatyczny (Festo);ADN-20-P---(Z);_536233 ADN-20-P---(Z).ipt;C:\projekty\2113 Wieszaki składarka 2x\_536233 ADN-20-P---(Z).ipt;2113 Wieszaki składarka 2x
Siłownik pneumatyczny (Festo);ADN-20-P-A_(KS);_536233 ADN-20-P-A_(KS).ipt;C:\projekty\2113 Wieszaki składarka 2x\_536233 ADN-20-P-A_(KS).ipt;2113 Wieszaki składarka 2x
Siłownik pneumatyczny (Festo);ADN-20-PPS---(Z);_536267 ADN-20-PPS---(Z).ipt;C:\projekty\2108 Wieszaki Etykieciarka\_536267 ADN-20-PPS---(Z).ipt;2108 Wieszaki Etykieciarka
Siłownik pneumatyczny (Festo);ADN-20-PPS-A_(KS);_536267 ADN-20-PPS-A_(KS).ipt;C:\projekty\2108 Wieszaki Etykieciarka\_536267 ADN-20-PPS-A_(KS).ipt;2108 Wieszaki Etykieciarka
Siłownik pneumatyczny (Festo);ADN-200-P-A-S20_(KS);536218 ADN-200-P-A-S20_(KS).ipt;C:\projekty\2223 Fabryka Zapachów\Importowane komponenty\536218_ADN-16-200-A-P-A-S20\536218 ADN-200-P-A-S20_(KS).ipt;2223 Fabryka Zapachów
Siłownik pneumatyczny (Festo);ADN-200-P-S20---(Z);536218 ADN-200-P-S20---(Z).ipt;C:\projekty\2223 Fabryka Zapachów\Importowane komponenty\536218_ADN-16-200-A-P-A-S20\536218 ADN-200-P-S20---(Z).ipt;2223 Fabryka Zapachów
Siłownik pneumatyczny (Festo);ADN-25-P---(Z);536203 ADN-25-P---(Z).ipt;C:\projekty\2223 Fabryka Zapachów\Importowane komponenty\536208_ADN-12-25-A-P-A\536203 ADN-25-P---(Z).ipt;2223 Fabryka Zapachów
Siłownik pneumatyczny (Festo);ADN-25-P-A_(KS);536203 ADN-25-P-A_(KS).ipt;C:\projekty\2223 Fabryka Zapachów\Importowane komponenty\536208_ADN-12-25-A-P-A\536203 ADN-25-P-A_(KS).ipt;2223 Fabryka Zapachów
Siłownik pneumatyczny (Festo);ADN-30-P---(Z);_536233 ADN-30-P---(Z).ipt;C:\projekty\2029 AGAPIT Zakręcarka\_536233 ADN-30-P---(Z).ipt;2029 AGAPIT Zakręcarka
Siłownik pneumatyczny (Festo);ADN-30-P-A_(KS);_536203 ADN-30-P-A_(KS).ipt;C:\projekty\2113 Wieszaki składarka 2x\_536203 ADN-30-P-A_(KS).ipt;2113 Wieszaki składarka 2x
Siłownik pneumatyczny (Festo);ADN-30-P-I_(KS);_536233 ADN-30-P-I_(KS).ipt;C:\projekty\2029 AGAPIT Zakręcarka\_536233 ADN-30-P-I_(KS).ipt;2029 AGAPIT Zakręcarka
Siłownik pneumatyczny (Festo);ADN-30-PPS---(Z);_536250 ADN-30-PPS---(Z).ipt;C:\projekty\2133 Sweetworld TUBY\_536250 ADN-30-PPS---(Z).ipt;2133 Sweetworld TUBY
Siłownik pneumatyczny (Festo);ADN-30-PPS-A_(KS);_536250 ADN-30-PPS-A_(KS).ipt;C:\projekty\2133 Sweetworld TUBY\_536250 ADN-30-PPS-A_(KS).ipt;2133 Sweetworld TUBY
Siłownik pneumatyczny (Festo);ADN-40-P---(Z);536250 ADN-40-P---(Z).ipt;C:\projekty\2243 BernardKopia\536250 ADN-40-P---(Z).ipt;2243 BernardKopia
Siłownik pneumatyczny (Festo);ADN-40-P-A_(KS);536250 ADN-40-P-A_(KS).ipt;C:\projekty\2243 BernardKopia\536250 ADN-40-P-A_(KS).ipt;2243 BernardKopia
Siłownik pneumatyczny (Festo);ADN-40-PPS---(Z);536267 ADN-40-PPS---(Z).ipt;C:\projekty\2223 Fabryka Zapachów\Importowane komponenty\572660_ADN-32-40-A-PPS-A\536267 ADN-40-PPS---(Z).ipt;2223 Fabryka Zapachów
Siłownik pneumatyczny (Festo);ADN-40-PPS-A_(KS);536267 ADN-40-PPS-A_(KS).ipt;C:\projekty\2223 Fabryka Zapachów\Importowane komponenty\572660_ADN-32-40-A-PPS-A\536267 ADN-40-PPS-A_(KS).ipt;2223 Fabryka Zapachów
Siłownik pneumatyczny (Festo);ADN-5-P---(Z);536203 ADN-5-P---(Z).ipt;C:\projekty\2325 Dekorum lakiery\Importowane komponenty\536204_ADN-12-5-A-P-A\536203 ADN-5-P---(Z).ipt;2325 Dekorum lakiery
Siłownik pneumatyczny (Festo);ADN-5-P-A_(KS);536203 ADN-5-P-A_(KS).ipt;C:\projekty\2325 Dekorum lakiery\Importowane komponenty\536204_ADN-12-5-A-P-A\536203 ADN-5-P-A_(KS).ipt;2325 Dekorum lakiery
Siłownik pneumatyczny (Festo);ADN-5-P-I_(KS);536203 ADN-5-P-I_(KS).ipt;C:\projekty\2325 Dekorum lakiery\Importowane komponenty\536211_ADN-12-5-I-P-A\536203 ADN-5-P-I_(KS).ipt;2325 Dekorum lakiery
Siłownik pneumatyczny (Festo);ADN-50-P---(Z);_536267 ADN-50-P---(Z).ipt;C:\projekty\2211 DUO ŻYWICE Roto\_536267 ADN-50-P---(Z).ipt;2211 DUO ŻYWICE Roto
Siłownik pneumatyczny (Festo);ADN-50-P-A_(KS);_536250 ADN-50-P-A_(KS).ipt;C:\projekty\2210 Duo Roto WC Picker\Importowane komponenty\536258_ADN-25-50-A-P-A\_536250 ADN-50-P-A_(KS).ipt;2210 Duo Roto WC Picker
Siłownik pneumatyczny (Festo);ADN-50-P-I_(KS);_536267 ADN-50-P-I_(KS).ipt;C:\projekty\2211 DUO ŻYWICE Roto\_536267 ADN-50-P-I_(KS).ipt;2211 DUO ŻYWICE Roto
Siłownik pneumatyczny (Festo);ADN-80-P---(Z);536309 ADN-80-P---(Z).ipt;C:\projekty\2228 Pasta BHP nalewarka\Importowane komponenty\536319_ADN-50-80-A-P-A\536309 ADN-80-P---(Z).ipt;2228 Pasta BHP nalewarka
Siłownik pneumatyczny (Festo);ADN-80-P-A_(KS);536309 ADN-80-P-A_(KS).ipt;C:\projekty\2228 Pasta BHP nalewarka\Importowane komponenty\536319_ADN-50-80-A-P-A\536309 ADN-80-P-A_(KS).ipt;2228 Pasta BHP nalewarka
Siłownik pneumatyczny (Festo);ADN-80-PPS---(Z);536233 ADN-80-PPS---(Z).ipt;C:\projekty\2223 Fabryka Zapachów\Importowane komponenty\536233_ADN-20-80-A-PPS-A\536233 ADN-80-PPS---(Z).ipt;2223 Fabryka Zapachów
Siłownik pneumatyczny (Festo);ADN-80-PPS-A_(KS);536233 ADN-80-PPS-A_(KS).ipt;C:\projekty\2223 Fabryka Zapachów\Importowane komponenty\536233_ADN-20-80-A-PPS-A\536233 ADN-80-PPS-A_(KS).ipt;2223 Fabryka Zapachów
Siłownik pneumatyczny (Festo);ADN-S-12-5-I-P---(HIGH_H);8084018 ADN-S-12-5-I-P---(high_H).ipt;C:\projekty\2325 Dekorum lakiery\Importowane komponenty\8076407_ADN-S-12-5-I-P\8084018 ADN-S-12-5-I-P---(high_H).ipt;2325 Dekorum lakiery
Siłownik pneumatyczny (Festo);ADN-S-12-5-I-P---(HIGH_P);8084018 ADN-S-12-5-I-P---(high_P).ipt;C:\projekty\2325 Dekorum lakiery\Importowane komponenty\8076407_ADN-S-12-5-I-P\8084018 ADN-S-12-5-I-P---(high_P).ipt;2325 Dekorum lakiery
Siłownik pneumatyczny (Festo);ADN-S-16-15-I-P-A---(HIGH_H);8084709 ADN-S-16-15-I-P-A---(high_H).ipt;C:\projekty\2317 Rumunia Jajka\Importowane komponenty\8076402_ADN-S-16-15-I-P-A\8084709 ADN-S-16-15-I-P-A---(high_H).ipt;2317 Rumunia Jajka
Siłownik pneumatyczny (Festo);ADN-S-16-15-I-P-A---(HIGH_P);8084709 ADN-S-16-15-I-P-A---(high_P).ipt;C:\projekty\2317 Rumunia Jajka\Importowane komponenty\8076402_ADN-S-16-15-I-P-A\8084709 ADN-S-16-15-I-P-A---(high_P).ipt;2317 Rumunia Jajka
Siłownik pneumatyczny (Festo);ADVUL;kątownik od separatora ADVUL_MIR.ipt;C:\projekty\2123 Apteka ROTO\kątownik od separatora ADVUL_MIR.ipt;2123 Apteka ROTO
Siłownik pneumatyczny (Festo);ADVUL-20-20-P-A;ADVUL-20-20-P-A.iam;C:\projekty\2020 Fabryka Zapachów przeróbka\ADVUL-20-20-P-A.iam;2020 Fabryka Zapachów przeróbka
Siłownik pneumatyczny (Festo);ADVUL-20-20-P-A---(0)121;156861 ADVUL-20-20-P-A---(0)121.ipt;C:\projekty\2020 Fabryka Zapachów przeróbka\156861 ADVUL-20-20-P-A---(0)121.ipt;2020 Fabryka Zapachów przeróbka
Siłownik pneumatyczny (Festo);ADVUL-20-20-P-A---(0)121_01;156861 ADVUL-20-20-P-A---(0)121_01.ipt;C:\projekty\2306 Roto duże\156861 ADVUL-20-20-P-A---(0)121_01.ipt;2306 Roto duże
Siłownik pneumatyczny (Festo);ADVUL-20-20-P-A---(0)122;156861 ADVUL-20-20-P-A---(0)122.ipt;C:\projekty\2020 Fabryka Zapachów przeróbka\156861 ADVUL-20-20-P-A---(0)122.ipt;2020 Fabryka Zapachów przeróbka
Siłownik pneumatyczny (Festo);ADVUL-20-20-P-A---(0)122_01;156861 ADVUL-20-20-P-A---(0)122_01.ipt;C:\projekty\2306 Roto duże\156861 ADVUL-20-20-P-A---(0)122_01.ipt;2306 Roto duże
Siłownik pneumatyczny (Festo);ADVUL-20-20-P-A_01;ADVUL-20-20-P-A_01.iam;C:\projekty\2306 Roto duże\ADVUL-20-20-P-A_01.iam;2306 Roto duże
Siłownik pneumatyczny (Festo);ADVUL-20-20-P-A_02;ADVUL-20-20-P-A_02.iam;C:\projekty\2306 Roto duże\ADVUL-20-20-P-A_02.iam;2306 Roto duże
Siłownik pneumatyczny (Festo);ADVUL_01;kątownik od separatora ADVUL_01.ipt;C:\projekty\2306 Roto duże\kątownik od separatora ADVUL_01.ipt;2306 Roto duże
Siłownik pneumatyczny (Festo);DFM---16-100-B-PPV-A-GF---(ZR);HI_529120 DFM---16-100-B-PPV-A-GF---(ZR) 100.ipt;C:\projekty\2108 Wieszaki Etykieciarka\HI_529120 DFM---16-100-B-PPV-A-GF---(ZR) 100.ipt;2108 Wieszaki Etykieciarka
Siłownik pneumatyczny (Festo);DFM---16-125-B-PPV-A-GF---(ZR);529120 DFM---16-125-B-PPV-A-GF---(ZR) 125.ipt;C:\projekty\2223 Fabryka Zapachów\Importowane komponenty\8162435_DFM-16-125-B-PPV-A-GF\529120 DFM---16-125-B-PPV-A-GF---(ZR) 125.ipt;2223 Fabryka Zapachów
Siłownik pneumatyczny (Festo);DFM---16-160-B-P-A-GF---(ZR);529120 DFM---16-160-B-P-A-GF---(ZR) 160.ipt;C:\projekty\2223 Fabryka Zapachów\Importowane komponenty\529120_DFM-16-160-B-P-A-GF\529120 DFM---16-160-B-P-A-GF---(ZR) 160.ipt;2223 Fabryka Zapachów
Siłownik pneumatyczny (Festo);DFM---20-40-B-P-A-GF---(ZR);532316 DFM---20-40-B-P-A-GF---(ZR) 40.ipt;C:\projekty\2241 Nalewarka FUELS\Importowane komponenty\532316_DFM-20-40-B-P-A-GF\532316 DFM---20-40-B-P-A-GF---(ZR) 40.ipt;2241 Nalewarka FUELS
Siłownik pneumatyczny (Festo);DFM---25-100-B-PPV-A-GF---(ZR);HI_532317 DFM---25-100-B-PPV-A-GF---(ZR) 100.ipt;C:\projekty\2111 Zakręcarka AGAPIT chwytak\Importowane komponenty\532317_DFM-25-100-B-PPV-A-GF\HI_532317 DFM---25-100-B-PPV-A-GF---(ZR) 100.ipt;2111 Zakręcarka AGAPIT chwytak
Siłownik pneumatyczny (Festo);DFM-12-20-P-A-GF---(K);170825 DFM-12-20-P-A-GF---(K).ipt;C:\projekty\2317 Rumunia Jajka\Importowane komponenty\170825_DFM-12-20-P-A-GF\170825 DFM-12-20-P-A-GF---(K).ipt;2317 Rumunia Jajka
Siłownik pneumatyczny (Festo);DFM-12-20-P-A-GF---(Z);170825 DFM-12-20-P-A-GF---(Z).ipt;C:\projekty\2317 Rumunia Jajka\Importowane komponenty\170825_DFM-12-20-P-A-GF\170825 DFM-12-20-P-A-GF---(Z).ipt;2317 Rumunia Jajka
Siłownik pneumatyczny (Festo);DFM-12-20-P-A-KF---(K);170900 DFM-12-20-P-A-KF---(K).ipt;C:\projekty\2223 Fabryka Zapachów\Importowane komponenty\170900_DFM-12-20-P-A-KF\170900 DFM-12-20-P-A-KF---(K).ipt;2223 Fabryka Zapachów
Siłownik pneumatyczny (Festo);DFM-12-20-P-A-KF---(Z);170900 DFM-12-20-P-A-KF---(Z).ipt;C:\projekty\2223 Fabryka Zapachów\Importowane komponenty\170900_DFM-12-20-P-A-KF\170900 DFM-12-20-P-A-KF---(Z).ipt;2223 Fabryka Zapachów
Siłownik pneumatyczny (Festo);DFM-12-40-P-A-GF---(K);170828 DFM-12-40-P-A-GF---(K).ipt;C:\projekty\2223 Fabryka Zapachów\Importowane komponenty\170828_DFM-12-40-P-A-GF\170828 DFM-12-40-P-A-GF---(K).ipt;2223 Fabryka Zapachów
Siłownik pneumatyczny (Festo);DFM-12-40-P-A-GF---(Z);170828 DFM-12-40-P-A-GF---(Z).ipt;C:\projekty\2223 Fabryka Zapachów\Importowane komponenty\170828_DFM-12-40-P-A-GF\170828 DFM-12-40-P-A-GF---(Z).ipt;2223 Fabryka Zapachów
Siłownik pneumatyczny (Festo);DFM-16-100-B-PPV-A-GF---(K);HI_529120 DFM-16-100-B-PPV-A-GF---(K).ipt;C:\projekty\2108 Wieszaki Etykieciarka\HI_529120 DFM-16-100-B-PPV-A-GF---(K).ipt;2108 Wieszaki Etykieciarka
Siłownik pneumatyczny (Festo);DFM-16-100-P-A-GF---(K);170839 DFM-16-100-P-A-GF---(K).ipt;C:\projekty\2223 Fabryka Zapachów\Importowane komponenty\170839_DFM-16-100-P-A-GF\170839 DFM-16-100-P-A-GF---(K).ipt;2223 Fabryka Zapachów
Siłownik pneumatyczny (Festo);DFM-16-100-P-A-GF---(Z);170839 DFM-16-100-P-A-GF---(Z).ipt;C:\projekty\2223 Fabryka Zapachów\Importowane komponenty\170839_DFM-16-100-P-A-GF\170839 DFM-16-100-P-A-GF---(Z).ipt;2223 Fabryka Zapachów
Siłownik pneumatyczny (Festo);DFM-16-125-B-PPV-A-GF---(K);529120 DFM-16-125-B-PPV-A-GF---(K).ipt;C:\projekty\2223 Fabryka Zapachów\Importowane komponenty\8162435_DFM-16-125-B-PPV-A-GF\529120 DFM-16-125-B-PPV-A-GF---(K).ipt;2223 Fabryka Zapachów
Siłownik pneumatyczny (Festo);DFM-16-150-B-PPV-A-GF---(0);529120 DFM-16-150-B-PPV-A-GF---(0).iam;C:\projekty\2223 Fabryka Zapachów\529120 DFM-16-150-B-PPV-A-GF---(0).iam;2223 Fabryka Zapachów
Siłownik pneumatyczny (Festo);DFM-16-160-B-P-A-GF---(K);529120 DFM-16-160-B-P-A-GF---(K).ipt;C:\projekty\2223 Fabryka Zapachów\Importowane komponenty\529120_DFM-16-160-B-P-A-GF\529120 DFM-16-160-B-P-A-GF---(K).ipt;2223 Fabryka Zapachów
Siłownik pneumatyczny (Festo);DFM-16-30-P-A-GF---(K);HI_170835 DFM-16-30-P-A-GF---(K).ipt;C:\projekty\2111 Zakręcarka AGAPIT chwytak\Importowane komponenty\170835_DFM-16-30-P-A-GF\HI_170835 DFM-16-30-P-A-GF---(K).ipt;2111 Zakręcarka AGAPIT chwytak
Siłownik pneumatyczny (Festo);DFM-16-30-P-A-GF---(Z);HI_170835 DFM-16-30-P-A-GF---(Z).ipt;C:\projekty\2111 Zakręcarka AGAPIT chwytak\Importowane komponenty\170835_DFM-16-30-P-A-GF\HI_170835 DFM-16-30-P-A-GF---(Z).ipt;2111 Zakręcarka AGAPIT chwytak
Siłownik pneumatyczny (Festo);DFM-16-40-P-A-GF---(K);170836 DFM-16-40-P-A-GF---(K).ipt;C:\projekty\2223 Fabryka Zapachów\Importowane komponenty\170836_DFM-16-40-P-A-GF\170836 DFM-16-40-P-A-GF---(K).ipt;2223 Fabryka Zapachów
Siłownik pneumatyczny (Festo);DFM-16-40-P-A-GF---(Z);170836 DFM-16-40-P-A-GF---(Z).ipt;C:\projekty\2223 Fabryka Zapachów\Importowane komponenty\170836_DFM-16-40-P-A-GF\170836 DFM-16-40-P-A-GF---(Z).ipt;2223 Fabryka Zapachów
Siłownik pneumatyczny (Festo);DFM-16-50-P-A-GF---(K);HI_170837 DFM-16-50-P-A-GF---(K).ipt;C:\projekty\2108 Wieszaki Etykieciarka\HI_170837 DFM-16-50-P-A-GF---(K).ipt;2108 Wieszaki Etykieciarka
Siłownik pneumatyczny (Festo);DFM-16-50-P-A-GF---(Z);HI_170837 DFM-16-50-P-A-GF---(Z).ipt;C:\projekty\2108 Wieszaki Etykieciarka\HI_170837 DFM-16-50-P-A-GF---(Z).ipt;2108 Wieszaki Etykieciarka
Siłownik pneumatyczny (Festo);DFM-16-80-P-A-GF---(K);170838 DFM-16-80-P-A-GF---(K).ipt;C:\projekty\2223 Fabryka Zapachów\Importowane komponenty\170838_DFM-16-80-P-A-GF\170838 DFM-16-80-P-A-GF---(K).ipt;2223 Fabryka Zapachów
Siłownik pneumatyczny (Festo);DFM-16-80-P-A-GF---(Z);170838 DFM-16-80-P-A-GF---(Z).ipt;C:\projekty\2223 Fabryka Zapachów\Importowane komponenty\170838_DFM-16-80-P-A-GF\170838 DFM-16-80-P-A-GF---(Z).ipt;2223 Fabryka Zapachów
Siłownik pneumatyczny (Festo);DFM-20-30-P-A-GF---(K);HI_170842 DFM-20-30-P-A-GF---(K).ipt;C:\projekty\2139 Zakręcarka Epoxy\HI_170842 DFM-20-30-P-A-GF---(K).ipt;2139 Zakręcarka Epoxy
Siłownik pneumatyczny (Festo);DFM-20-30-P-A-GF---(Z);HI_170842 DFM-20-30-P-A-GF---(Z).ipt;C:\projekty\2139 Zakręcarka Epoxy\HI_170842 DFM-20-30-P-A-GF---(Z).ipt;2139 Zakręcarka Epoxy
Siłownik pneumatyczny (Festo);DFM-20-40-B-P-A-GF---(K);532316 DFM-20-40-B-P-A-GF---(K).ipt;C:\projekty\2241 Nalewarka FUELS\Importowane komponenty\532316_DFM-20-40-B-P-A-GF\532316 DFM-20-40-B-P-A-GF---(K).ipt;2241 Nalewarka FUELS
Siłownik pneumatyczny (Festo);DFM-20-40-P-A-GF---(K);HI_170843 DFM-20-40-P-A-GF---(K).ipt;C:\projekty\2317 Rumunia Jajka\HI_170843 DFM-20-40-P-A-GF---(K).ipt;2317 Rumunia Jajka
Siłownik pneumatyczny (Festo);DFM-20-40-P-A-GF---(Z);HI_170843 DFM-20-40-P-A-GF---(Z).ipt;C:\projekty\2317 Rumunia Jajka\HI_170843 DFM-20-40-P-A-GF---(Z).ipt;2317 Rumunia Jajka
Siłownik pneumatyczny (Festo);DFM-20-50-P-A-GF---(K);170844 DFM-20-50-P-A-GF---(K).ipt;C:\projekty\2243 BernardKopia\170844 DFM-20-50-P-A-GF---(K).ipt;2243 BernardKopia
Siłownik pneumatyczny (Festo);DFM-20-50-P-A-GF---(Z);170844 DFM-20-50-P-A-GF---(Z).ipt;C:\projekty\2243 BernardKopia\170844 DFM-20-50-P-A-GF---(Z).ipt;2243 BernardKopia
Siłownik pneumatyczny (Festo);DFM-20-80-P-A-GF---(K);HI_170845 DFM-20-80-P-A-GF---(K).ipt;C:\projekty\2138 Nalewarka Żywice\HI_170845 DFM-20-80-P-A-GF---(K).ipt;2138 Nalewarka Żywice
Siłownik pneumatyczny (Festo);DFM-20-80-P-A-GF---(Z);HI_170845 DFM-20-80-P-A-GF---(Z).ipt;C:\projekty\2138 Nalewarka Żywice\HI_170845 DFM-20-80-P-A-GF---(Z).ipt;2138 Nalewarka Żywice
Siłownik pneumatyczny (Festo);DFM-25-100-B-PPV-A-GF---(K);HI_532317 DFM-25-100-B-PPV-A-GF---(K).ipt;C:\projekty\2111 Zakręcarka AGAPIT chwytak\Importowane komponenty\532317_DFM-25-100-B-PPV-A-GF\HI_532317 DFM-25-100-B-PPV-A-GF---(K).ipt;2111 Zakręcarka AGAPIT chwytak
Siłownik pneumatyczny (Festo);DFM-25-30-P-A-GF---(0);170849 DFM-25-30-P-A-GF---(0) (1).iam;C:\projekty\2028 AGAPIT Nalewarka\170849 DFM-25-30-P-A-GF---(0) (1).iam;2028 AGAPIT Nalewarka
Siłownik pneumatyczny (Festo);DFM-25-30-P-A-GF---(K);170849 DFM-25-30-P-A-GF---(K) (1).ipt;C:\projekty\2028 AGAPIT Nalewarka\170849 DFM-25-30-P-A-GF---(K) (1).ipt;2028 AGAPIT Nalewarka
Siłownik pneumatyczny (Festo);DFM-25-30-P-A-GF---(Z);170849 DFM-25-30-P-A-GF---(Z) (1).ipt;C:\projekty\2028 AGAPIT Nalewarka\170849 DFM-25-30-P-A-GF---(Z) (1).ipt;2028 AGAPIT Nalewarka
Siłownik pneumatyczny (Festo);DFM-25-50-P-A-GF---(0);170851 DFM-25-50-P-A-GF---(0).iam;C:\projekty\2135 PUREICE pakowaczka nr2\170851 DFM-25-50-P-A-GF---(0).iam;2135 PUREICE pakowaczka nr2
Siłownik pneumatyczny (Festo);DFM-25-50-P-A-GF---(K);170851 DFM-25-50-P-A-GF---(K).ipt;C:\projekty\2135 PUREICE pakowaczka nr2\170851 DFM-25-50-P-A-GF---(K).ipt;2135 PUREICE pakowaczka nr2
Siłownik pneumatyczny (Festo);DFM-25-50-P-A-GF---(Z);170851 DFM-25-50-P-A-GF---(Z).ipt;C:\projekty\2135 PUREICE pakowaczka nr2\170851 DFM-25-50-P-A-GF---(Z).ipt;2135 PUREICE pakowaczka nr2
Siłownik pneumatyczny (Festo);DFM-25-80-P-A-GF---(K);170852 DFM-25-80-P-A-GF---(K).ipt;C:\projekty\2306 Roto duże\Importowane komponenty\170852_DFM-25-80-P-A-GF\170852 DFM-25-80-P-A-GF---(K).ipt;2306 Roto duże
Siłownik pneumatyczny (Festo);DFM-25-80-P-A-GF---(Z);170852 DFM-25-80-P-A-GF---(Z).ipt;C:\projekty\2306 Roto duże\Importowane komponenty\170852_DFM-25-80-P-A-GF\170852 DFM-25-80-P-A-GF---(Z).ipt;2306 Roto duże
Siłownik pneumatyczny (Festo);DFM-32-100-P-A-GF---(K);HI_170860 DFM-32-100-P-A-GF---(K).ipt;C:\projekty\2135 PUREICE pakowaczka nr2\HI_170860 DFM-32-100-P-A-GF---(K).ipt;2135 PUREICE pakowaczka nr2
Siłownik pneumatyczny (Festo);DFM-32-100-P-A-GF---(Z);HI_170860 DFM-32-100-P-A-GF---(Z).ipt;C:\projekty\2135 PUREICE pakowaczka nr2\HI_170860 DFM-32-100-P-A-GF---(Z).ipt;2135 PUREICE pakowaczka nr2
Siłownik pneumatyczny (Festo);DFM-32-20-P-A-GF---(K);170854 DFM-32-20-P-A-GF---(K).ipt;C:\projekty\2228 Pasta BHP nalewarka\Importowane komponenty\170854_DFM-32-20-P-A-GF\170854 DFM-32-20-P-A-GF---(K).ipt;2228 Pasta BHP nalewarka
Siłownik pneumatyczny (Festo);DFM-32-20-P-A-GF---(Z);170854 DFM-32-20-P-A-GF---(Z).ipt;C:\projekty\2228 Pasta BHP nalewarka\Importowane komponenty\170854_DFM-32-20-P-A-GF\170854 DFM-32-20-P-A-GF---(Z).ipt;2228 Pasta BHP nalewarka
Siłownik pneumatyczny (Festo);DFM-32-25-P-A-GF---(K);HI_170855 DFM-32-25-P-A-GF---(K).ipt;C:\projekty\2029 AGAPIT Zakręcarka\HI_170855 DFM-32-25-P-A-GF---(K).ipt;2029 AGAPIT Zakręcarka
Siłownik pneumatyczny (Festo);DFM-32-25-P-A-GF---(Z);HI_170855 DFM-32-25-P-A-GF---(Z).ipt;C:\projekty\2029 AGAPIT Zakręcarka\HI_170855 DFM-32-25-P-A-GF---(Z).ipt;2029 AGAPIT Zakręcarka
Siłownik pneumatyczny (Festo);DFM-32-40-P-A-GF---(K);170857 DFM-32-40-P-A-GF---(K).ipt;C:\projekty\2222 Zakręcarka MAT MAT\Importowane komponenty\170857_DFM-32-40-P-A-GF\170857 DFM-32-40-P-A-GF---(K).ipt;2222 Zakręcarka MAT MAT
Siłownik pneumatyczny (Festo);DFM-32-40-P-A-GF---(Z);170857 DFM-32-40-P-A-GF---(Z).ipt;C:\projekty\2222 Zakręcarka MAT MAT\Importowane komponenty\170857_DFM-32-40-P-A-GF\170857 DFM-32-40-P-A-GF---(Z).ipt;2222 Zakręcarka MAT MAT
Siłownik pneumatyczny (Festo);DFM_1;uchwyt czujnika prosty DFM_1.ipt;C:\projekty\2029 AGAPIT Zakręcarka\uchwyt czujnika prosty DFM_1.ipt;2029 AGAPIT Zakręcarka
Siłownik pneumatyczny (Festo);DGP-25-G1_8;116515 DGP-25-G1_8 (1).ipt;C:\projekty\2028 AGAPIT Nalewarka\116515 DGP-25-G1_8 (1).ipt;2028 AGAPIT Nalewarka
Siłownik pneumatyczny (Festo);DNC-40-50---(KS);DNC-40-50---(KS).ipt;C:\projekty\2111 Zakręcarka AGAPIT chwytak\DNC-40-50---(KS).ipt;2111 Zakręcarka AGAPIT chwytak
Siłownik pneumatyczny (Festo);DNC-40-50---(ZR);163353 DNC-40-50---(ZR).ipt;C:\projekty\2111 Zakręcarka AGAPIT chwytak\163353 DNC-40-50---(ZR).ipt;2111 Zakręcarka AGAPIT chwytak
Siłownik pneumatyczny (Festo);DNC-40-50-PPV---(ASM_0);163353 DNC-40-50-PPV---(asm_0).iam;C:\projekty\2111 Zakręcarka AGAPIT chwytak\163353 DNC-40-50-PPV---(asm_0).iam;2111 Zakręcarka AGAPIT chwytak
Siłownik pneumatyczny (Festo);DNC_32_150____KS;DNC_32_150____KS_.ipt;C:\projekty\2111 Zakręcarka AGAPIT chwytak\DNC_32_150____KS_.ipt;2111 Zakręcarka AGAPIT chwytak
Siłownik pneumatyczny (Festo);DNC_32_200____KS;DNC_32_200____KS_.ipt;C:\projekty\2115 Wieszaki Etykieciarka\DNC_32_200____KS_.ipt;2115 Wieszaki Etykieciarka
Siłownik pneumatyczny (Festo);DNC_32_80____KS;DNC_32_80____KS_.ipt;C:\projekty\2113 Wieszaki składarka 2x\DNC_32_80____KS_.ipt;2113 Wieszaki składarka 2x
Siłownik pneumatyczny (Festo);DNC_40_100____KS;DNC_40_100____KS_.ipt;C:\projekty\2134 Swetworld Dekle\DNC_40_100____KS_.ipt;2134 Swetworld Dekle
Siłownik pneumatyczny (Festo);DNC_40_40____KS;DNC_40_40____KS_.ipt;C:\projekty\2214 Jajka Dania\DNC_40_40____KS_.ipt;2214 Jajka Dania
Siłownik pneumatyczny (Festo);DSNU-12-10-P-A;DSNU-12-10-P-A tłoczysko.ipt;C:\projekty\2214 Jajka Dania\DSNU-12-10-P-A tłoczysko.ipt;2214 Jajka Dania
Siłownik pneumatyczny (Festo);DSNU-12-10-P-A-----(ASM_10_0_1);DSNU-12-10-P-A-----(asm_10_0_1).iam;C:\projekty\2214 Jajka Dania\DSNU-12-10-P-A-----(asm_10_0_1).iam;2214 Jajka Dania
Siłownik pneumatyczny (Festo);DSNU-12-20-P---(A----0-ZR);_1908256 DSNU-12-20-P---(A----0-ZR).ipt;C:\projekty\2129 Strzykawki\Importowane komponenty\1908256_DSNU-12-20-P-A\_1908256 DSNU-12-20-P---(A----0-ZR).ipt;2129 Strzykawki
Siłownik pneumatyczny (Festo);DSNU-12-20-P---(A---00--0-KS);_1908256 DSNU-12-20-P---(A---00--0-KS).ipt;C:\projekty\2129 Strzykawki\Importowane komponenty\1908256_DSNU-12-20-P-A\_1908256 DSNU-12-20-P---(A---00--0-KS).ipt;2129 Strzykawki
Siłownik pneumatyczny (Festo);DSNU-16-10-PPV---(---S2-0-ZR);_193989 DSNU-16-10-PPV---(---S2-0-ZR).ipt;C:\projekty\2129 Strzykawki\Importowane komponenty\193989_DSNU-16-10-PPV-S2\_193989 DSNU-16-10-PPV---(---S2-0-ZR).ipt;2129 Strzykawki
Siłownik pneumatyczny (Festo);DSNU-16-10-PPV---(---S200--0-KS);_193989 DSNU-16-10-PPV---(---S200--0-KS).ipt;C:\projekty\2129 Strzykawki\Importowane komponenty\193989_DSNU-16-10-PPV-S2\_193989 DSNU-16-10-PPV---(---S200--0-KS).ipt;2129 Strzykawki
Siłownik pneumatyczny (Festo);DSNU-16-200-PPV---(A----0-ZR);_19235 DSNU-16-200-PPV---(A----0-ZR).ipt;C:\projekty\2115 Wieszaki Etykieciarka\_19235 DSNU-16-200-PPV---(A----0-ZR).ipt;2115 Wieszaki Etykieciarka
Siłownik pneumatyczny (Festo);DSNU-16-200-PPV---(A---00--0-KS);_19235 DSNU-16-200-PPV---(A---00--0-KS).ipt;C:\projekty\2115 Wieszaki Etykieciarka\_19235 DSNU-16-200-PPV---(A---00--0-KS).ipt;2115 Wieszaki Etykieciarka
Siłownik pneumatyczny (Festo);DSNU-16-30-PPV---(A----0-ZR);_1908269 DSNU-16-30-PPV---(A----0-ZR).ipt;C:\projekty\2134 Swetworld Dekle\Importowane komponenty\1908269_DSNU-16-30-PPV-A\_1908269 DSNU-16-30-PPV---(A----0-ZR).ipt;2134 Swetworld Dekle
Siłownik pneumatyczny (Festo);DSNU-16-30-PPV---(A---00--0-KS);_1908269 DSNU-16-30-PPV---(A---00--0-KS).ipt;C:\projekty\2134 Swetworld Dekle\Importowane komponenty\1908269_DSNU-16-30-PPV-A\_1908269 DSNU-16-30-PPV---(A---00--0-KS).ipt;2134 Swetworld Dekle
Siłownik pneumatyczny (Festo);DSNU-16-40-PPV---(A----0-ZR);19229 DSNU-16-40-PPV---(A----0-ZR).ipt;C:\projekty\2317 Rumunia Jajka\Importowane komponenty\19229_DSNU-16-40-PPV-A\19229 DSNU-16-40-PPV---(A----0-ZR).ipt;2317 Rumunia Jajka
Siłownik pneumatyczny (Festo);DSNU-16-40-PPV---(A---00--0-KS);19229 DSNU-16-40-PPV---(A---00--0-KS).ipt;C:\projekty\2317 Rumunia Jajka\Importowane komponenty\19229_DSNU-16-40-PPV-A\19229 DSNU-16-40-PPV---(A---00--0-KS).ipt;2317 Rumunia Jajka
Siłownik pneumatyczny (Festo);DSNU-20-10-P---(A----0-ZR);_19207 DSNU-20-10-P---(A----0-ZR).ipt;C:\projekty\2110 Nalewarka AGAPIT masowe\_19207 DSNU-20-10-P---(A----0-ZR).ipt;2110 Nalewarka AGAPIT masowe
Siłownik pneumatyczny (Festo);DSNU-20-10-P---(A---00--0-KS);_19207 DSNU-20-10-P---(A---00--0-KS).ipt;C:\projekty\2110 Nalewarka AGAPIT masowe\_19207 DSNU-20-10-P---(A---00--0-KS).ipt;2110 Nalewarka AGAPIT masowe
Siłownik pneumatyczny (Festo);DSNU-20-160-PPS---(A----0-ZR);559277 DSNU-20-160-PPS---(A----0-ZR).ipt;C:\projekty\2241 Nalewarka FUELS\559277 DSNU-20-160-PPS---(A----0-ZR).ipt;2241 Nalewarka FUELS
Siłownik pneumatyczny (Festo);DSNU-20-160-PPS---(A---00--0-KS);559277 DSNU-20-160-PPS---(A---00--0-KS).ipt;C:\projekty\2241 Nalewarka FUELS\559277 DSNU-20-160-PPS---(A---00--0-KS).ipt;2241 Nalewarka FUELS
Siłownik pneumatyczny (Festo);DSNU-20-20-P---(A----0-ZR);_1908283 DSNU-20-20-P---(A----0-ZR).ipt;C:\projekty\2135 PUREICE pakowaczka nr2\_1908283 DSNU-20-20-P---(A----0-ZR).ipt;2135 PUREICE pakowaczka nr2
Siłownik pneumatyczny (Festo);DSNU-20-20-P---(A---00--0-KS);_1908283 DSNU-20-20-P---(A---00--0-KS).ipt;C:\projekty\2135 PUREICE pakowaczka nr2\_1908283 DSNU-20-20-P---(A---00--0-KS).ipt;2135 PUREICE pakowaczka nr2
Siłownik pneumatyczny (Festo);DSNU-20-200-P-A-----(ASM_200_0_1);DSNU-20-200-P-A-----(asm_200_0_1).iam;C:\projekty\2317 Rumunia Jajka\DSNU-20-200-P-A-----(asm_200_0_1).iam;2317 Rumunia Jajka
Siłownik pneumatyczny (Festo);DSNU-20-30-PPV---(A----0-ZR);_1908292 DSNU-20-30-PPV---(A----0-ZR).ipt;C:\projekty\2108 Wieszaki Etykieciarka\_1908292 DSNU-20-30-PPV---(A----0-ZR).ipt;2108 Wieszaki Etykieciarka
Siłownik pneumatyczny (Festo);DSNU-20-30-PPV---(A---00--0-KS);_1908292 DSNU-20-30-PPV---(A---00--0-KS).ipt;C:\projekty\2108 Wieszaki Etykieciarka\_1908292 DSNU-20-30-PPV---(A---00--0-KS).ipt;2108 Wieszaki Etykieciarka
Siłownik pneumatyczny (Festo);DSNU-20-40;DSNU-20-40 cylinder.ipt;C:\projekty\2023 Półautomat 5L\DSNU-20-40 cylinder.ipt;2023 Półautomat 5L
Siłownik pneumatyczny (Festo);DSNU-20-40WE;DSNU-20-40we.iam;C:\projekty\2023 Półautomat 5L\DSNU-20-40we.iam;2023 Półautomat 5L
Siłownik pneumatyczny (Festo);DSNU-20-50-P---(A----0-ZR);_19210 DSNU-20-50-P---(A----0-ZR).ipt;C:\projekty\2246 Stołeks 2217\2217 Linia Nord\Importowane komponenty\19210_DSNU-20-50-P-A\_19210 DSNU-20-50-P---(A----0-ZR).ipt;2246 Stołeks 2217
Siłownik pneumatyczny (Festo);DSNU-20-50-P---(A---00--0-KS);_19210 DSNU-20-50-P---(A---00--0-KS).ipt;C:\projekty\2246 Stołeks 2217\2217 Linia Nord\Importowane komponenty\19210_DSNU-20-50-P-A\_19210 DSNU-20-50-P---(A---00--0-KS).ipt;2246 Stołeks 2217
Siłownik pneumatyczny (Festo);DSNU-20-60;DSNU-20-60 cylinder.ipt;C:\projekty\2214 Jajka Dania\DSNU-20-60 cylinder.ipt;2214 Jajka Dania
Siłownik pneumatyczny (Festo);DSNU-20-60-P---(A----0-ZR);_1908286 DSNU-20-60-P---(A----0-ZR).ipt;C:\projekty\2246 Stołeks 2217\2217 Linia Nord\Importowane komponenty\1908286_DSNU-20-60-P-A\_1908286 DSNU-20-60-P---(A----0-ZR).ipt;2246 Stołeks 2217
Siłownik pneumatyczny (Festo);DSNU-20-60-P---(A---00--0-KS);_1908286 DSNU-20-60-P---(A---00--0-KS).ipt;C:\projekty\2246 Stołeks 2217\2217 Linia Nord\Importowane komponenty\1908286_DSNU-20-60-P-A\_1908286 DSNU-20-60-P---(A---00--0-KS).ipt;2246 Stołeks 2217
Siłownik pneumatyczny (Festo);DSNU-20-60-PPV---(-----0-ZR);_193990 DSNU-20-60-PPV---(-----0-ZR).ipt;C:\projekty\2102 Pureice kartonikarka\Importowane komponenty\193990_DSNU-20-60-PPV\_193990 DSNU-20-60-PPV---(-----0-ZR).ipt;2102 Pureice kartonikarka
Siłownik pneumatyczny (Festo);DSNU-20-60-PPV---(----00--0-KS);_193990 DSNU-20-60-PPV---(----00--0-KS).ipt;C:\projekty\2102 Pureice kartonikarka\Importowane komponenty\193990_DSNU-20-60-PPV\_193990 DSNU-20-60-PPV---(----00--0-KS).ipt;2102 Pureice kartonikarka
Siłownik pneumatyczny (Festo);DSNU-20-60-PPV---(A----0-ZR);1908294 DSNU-20-60-PPV---(A----0-ZR).ipt;C:\projekty\2246 Stołeks 2217\Importowane komponenty\1908294_DSNU-20-60-PPV-A\1908294 DSNU-20-60-PPV---(A----0-ZR).ipt;2246 Stołeks 2217
Siłownik pneumatyczny (Festo);DSNU-20-60-PPV---(A---00--0-KS);1908294 DSNU-20-60-PPV---(A---00--0-KS).ipt;C:\projekty\2246 Stołeks 2217\Importowane komponenty\1908294_DSNU-20-60-PPV-A\1908294 DSNU-20-60-PPV---(A---00--0-KS).ipt;2246 Stołeks 2217
Siłownik pneumatyczny (Festo);DSNU-20-60-PPV-A-----(ASM_60_0_1);14321 DSNU-20-60-PPV-A-----(asm_60_0_1).iam;C:\projekty\2214 Jajka Dania\14321 DSNU-20-60-PPV-A-----(asm_60_0_1).iam;2214 Jajka Dania
Siłownik pneumatyczny (Festo);DSNU-20-80-PPV---(-----0-ZR);_193990 DSNU-20-80-PPV---(-----0-ZR).ipt;C:\projekty\2136 PUREICE kartonikarka nr2\_193990 DSNU-20-80-PPV---(-----0-ZR).ipt;2136 PUREICE kartonikarka nr2
Siłownik pneumatyczny (Festo);DSNU-20-80-PPV---(----00--0-KS);_193990 DSNU-20-80-PPV---(----00--0-KS).ipt;C:\projekty\2136 PUREICE kartonikarka nr2\_193990 DSNU-20-80-PPV---(----00--0-KS).ipt;2136 PUREICE kartonikarka nr2
Siłownik pneumatyczny (Festo);DSNU-20-80-PPV---(--Q--0-ZR);_193990 DSNU-20-80-PPV---(--Q--0-ZR).ipt;C:\projekty\2223 Fabryka Zapachów\_193990 DSNU-20-80-PPV---(--Q--0-ZR).ipt;2223 Fabryka Zapachów
Siłownik pneumatyczny (Festo);DSNU-20-80-PPV---(--Q-00--0-KS);_193990 DSNU-20-80-PPV---(--Q-00--0-KS).ipt;C:\projekty\2223 Fabryka Zapachów\_193990 DSNU-20-80-PPV---(--Q-00--0-KS).ipt;2223 Fabryka Zapachów
Siłownik pneumatyczny (Festo);DSNU-25-100-PPS---(A----0-ZR);_559286 DSNU-25-100-PPS---(A----0-ZR).ipt;C:\projekty\2134 Swetworld Dekle\_559286 DSNU-25-100-PPS---(A----0-ZR).ipt;2134 Swetworld Dekle
Siłownik pneumatyczny (Festo);DSNU-25-100-PPS---(A---00--0-KS);_559286 DSNU-25-100-PPS---(A---00--0-KS).ipt;C:\projekty\2134 Swetworld Dekle\_559286 DSNU-25-100-PPS---(A---00--0-KS).ipt;2134 Swetworld Dekle
Siłownik pneumatyczny (Festo);DSNU-25-15-P---(A----0-ZR);1908305 DSNU-25-15-P---(A----0-ZR).ipt;C:\projekty\2241 Nalewarka FUELS\Importowane komponenty\1908305_DSNU-25-15-P-A\1908305 DSNU-25-15-P---(A----0-ZR).ipt;2241 Nalewarka FUELS
Siłownik pneumatyczny (Festo);DSNU-25-15-P---(A---00--0-KS);1908305 DSNU-25-15-P---(A---00--0-KS).ipt;C:\projekty\2241 Nalewarka FUELS\Importowane komponenty\1908305_DSNU-25-15-P-A\1908305 DSNU-25-15-P---(A---00--0-KS).ipt;2241 Nalewarka FUELS
Siłownik pneumatyczny (Festo);DSNU-25-20-P---(A----0-ZR);1908306 DSNU-25-20-P---(A----0-ZR).ipt;C:\projekty\2243 BernardKopia\1908306 DSNU-25-20-P---(A----0-ZR).ipt;2243 BernardKopia
Siłownik pneumatyczny (Festo);DSNU-25-20-P---(A---00--0-KS);1908306 DSNU-25-20-P---(A---00--0-KS).ipt;C:\projekty\2243 BernardKopia\1908306 DSNU-25-20-P---(A---00--0-KS).ipt;2243 BernardKopia
Siłownik pneumatyczny (Festo);DSNU-25-20-PPV---(A----0-ZR);_1908314 DSNU-25-20-PPV---(A----0-ZR).ipt;C:\projekty\2138 Nalewarka Żywice\_1908314 DSNU-25-20-PPV---(A----0-ZR).ipt;2138 Nalewarka Żywice
Siłownik pneumatyczny (Festo);DSNU-25-20-PPV---(A---00--0-KS);_1908314 DSNU-25-20-PPV---(A---00--0-KS).ipt;C:\projekty\2138 Nalewarka Żywice\_1908314 DSNU-25-20-PPV---(A---00--0-KS).ipt;2138 Nalewarka Żywice
Siłownik pneumatyczny (Festo);DSNU-25-250-PPS---(A----0-ZR);559290 DSNU-25-250-PPS---(A----0-ZR).ipt;C:\projekty\2241 Nalewarka FUELS\559290 DSNU-25-250-PPS---(A----0-ZR).ipt;2241 Nalewarka FUELS
Siłownik pneumatyczny (Festo);DSNU-25-250-PPS---(A---00--0-KS);559290 DSNU-25-250-PPS---(A---00--0-KS).ipt;C:\projekty\2241 Nalewarka FUELS\559290 DSNU-25-250-PPS---(A---00--0-KS).ipt;2241 Nalewarka FUELS
Siłownik pneumatyczny (Festo);DSNU-25-60-PPV---(A----0-ZR);1908317 DSNU-25-60-PPV---(A----0-ZR).ipt;C:\projekty\2246 Stołeks 2217\Importowane komponenty\1908317_DSNU-25-60-PPV-A\1908317 DSNU-25-60-PPV---(A----0-ZR).ipt;2246 Stołeks 2217
Siłownik pneumatyczny (Festo);DSNU-25-60-PPV---(A---00--0-KS);1908317 DSNU-25-60-PPV---(A---00--0-KS).ipt;C:\projekty\2246 Stołeks 2217\Importowane komponenty\1908317_DSNU-25-60-PPV-A\1908317 DSNU-25-60-PPV---(A---00--0-KS).ipt;2246 Stołeks 2217
Siłownik pneumatyczny (Festo);DSNU-25-80-P---(A----0-ZR);_19222 DSNU-25-80-P---(A----0-ZR).ipt;C:\projekty\2102 Pureice kartonikarka\Importowane komponenty\19222_DSNU-25-80-P-A\_19222 DSNU-25-80-P---(A----0-ZR).ipt;2102 Pureice kartonikarka
Siłownik pneumatyczny (Festo);DSNU-25-80-P---(A---00--0-KS);_19222 DSNU-25-80-P---(A---00--0-KS).ipt;C:\projekty\2102 Pureice kartonikarka\Importowane komponenty\19222_DSNU-25-80-P-A\_19222 DSNU-25-80-P---(A---00--0-KS).ipt;2102 Pureice kartonikarka
Siłownik pneumatyczny (Festo);DSNU-25-80-PPV---(A----0-ZR);19247 DSNU-25-80-PPV---(A----0-ZR).ipt;C:\projekty\2246 Stołeks 2217\19247 DSNU-25-80-PPV---(A----0-ZR).ipt;2246 Stołeks 2217
Siłownik pneumatyczny (Festo);DSNU-25-80-PPV---(A---00--0-KS);19247 DSNU-25-80-PPV---(A---00--0-KS).ipt;C:\projekty\2246 Stołeks 2217\19247 DSNU-25-80-PPV---(A---00--0-KS).ipt;2246 Stołeks 2217
Siłownik pneumatyczny (Festo);DSNU-32-10-P---(A----0-ZR);_193992 DSNU-32-10-P---(A----0-ZR).ipt;C:\projekty\2246 Stołeks 2217\2217 Linia Nord\Importowane komponenty\193992_DSNU-32-10-P-A\_193992 DSNU-32-10-P---(A----0-ZR).ipt;2246 Stołeks 2217
Siłownik pneumatyczny (Festo);DSNU-32-10-P---(A---00--0-KS);_193992 DSNU-32-10-P---(A---00--0-KS).ipt;C:\projekty\2246 Stołeks 2217\2217 Linia Nord\Importowane komponenty\193992_DSNU-32-10-P-A\_193992 DSNU-32-10-P---(A---00--0-KS).ipt;2246 Stołeks 2217
Siłownik pneumatyczny (Festo);DSNU-32-100-P---(A----0-ZR);_195984 DSNU-32-100-P---(A----0-ZR) 15 15.ipt;C:\projekty\2138 Nalewarka Żywice\_195984 DSNU-32-100-P---(A----0-ZR) 15 15.ipt;2138 Nalewarka Żywice
Siłownik pneumatyczny (Festo);DSNU-32-100-P---(A---00--0-KS);_195984 DSNU-32-100-P---(A---00--0-KS).ipt;C:\projekty\2138 Nalewarka Żywice\Importowane komponenty\195984_DSNU-32-100-P-A\_195984 DSNU-32-100-P---(A---00--0-KS).ipt;2138 Nalewarka Żywice
Siłownik pneumatyczny (Festo);DSNU-32-100-P---(A---00--0-KS)15;_195984 DSNU-32-100-P---(A---00--0-KS)15.ipt;C:\projekty\2138 Nalewarka Żywice\_195984 DSNU-32-100-P---(A---00--0-KS)15.ipt;2138 Nalewarka Żywice
Siłownik pneumatyczny (Festo);DSNU-32-20-PPV---(A----0-ZR);_193992 DSNU-32-20-PPV---(A----0-ZR).ipt;C:\projekty\2140 Nalewarka perystaltyka\Importowane komponenty\193992_DSNU-32-20-PPV-A\_193992 DSNU-32-20-PPV---(A----0-ZR).ipt;2140 Nalewarka perystaltyka
Siłownik pneumatyczny (Festo);DSNU-32-20-PPV---(A---00--0-KS);_193992 DSNU-32-20-PPV---(A---00--0-KS).ipt;C:\projekty\2140 Nalewarka perystaltyka\Importowane komponenty\193992_DSNU-32-20-PPV-A\_193992 DSNU-32-20-PPV---(A---00--0-KS).ipt;2140 Nalewarka perystaltyka
Siłownik pneumatyczny (Festo);DSNU-32-25-P---(A----0-ZR);195980 DSNU-32-25-P---(A----0-ZR).ipt;C:\projekty\2228 Pasta BHP nalewarka\Importowane komponenty\195980_DSNU-32-25-P-A\195980 DSNU-32-25-P---(A----0-ZR).ipt;2228 Pasta BHP nalewarka
Siłownik pneumatyczny (Festo);DSNU-32-25-P---(A---00--0-KS);195980 DSNU-32-25-P---(A---00--0-KS).ipt;C:\projekty\2228 Pasta BHP nalewarka\Importowane komponenty\195980_DSNU-32-25-P-A\195980 DSNU-32-25-P---(A---00--0-KS).ipt;2228 Pasta BHP nalewarka
Siłownik pneumatyczny (Festo);ESBF-BS-50---(KSA);_ESBF-BS-50-ESBF-BS-50---(KSA).ipt;C:\projekty\2028 AGAPIT Nalewarka\_ESBF-BS-50-ESBF-BS-50---(KSA).ipt;2028 AGAPIT Nalewarka
Łożysko kulkowe;3306 A;DIN 628 SKF - SKF 3306 A.ipt;C:\projekty\2111 Zakręcarka AGAPIT chwytak\DIN 628 SKF - SKF 3306 A.ipt;2111 Zakręcarka AGAPIT chwytak
Łożysko kulkowe;6000;transporter 5000 6000 gotowy.iam;C:\projekty\2215 Sonoco transporter i etykieciarka\transporter 5000 6000 gotowy.iam;2215 Sonoco transporter i etykieciarka
Łożysko kulkowe;6000 Z;PTL 6000 z klinem GIT.iam;C:\projekty\2215 Sonoco transporter i etykieciarka\PTL 6000 z klinem GIT.iam;2215 Sonoco transporter i etykieciarka
Łożysko kulkowe;6001;6001 12x28x8.ipt;C:\projekty\2020 Fabryka Zapachów przeróbka\6001 12x28x8.ipt;2020 Fabryka Zapachów przeróbka
Łożysko kulkowe;6001-RS1;SKF 6001-RS1.ipt;C:\projekty\2214 Jajka Dania\SKF 6001-RS1.ipt;2214 Jajka Dania
Łożysko kulkowe;6002;6002 15x32x9.ipt;C:\projekty\2020 Fabryka Zapachów przeróbka\6002 15x32x9.ipt;2020 Fabryka Zapachów przeróbka
Łożysko kulkowe;6003 ZZ;6003 ZZ.ipt;C:\projekty\2116 Roto Stół 800\6003 ZZ.ipt;2116 Roto Stół 800
Łożysko kulkowe;6004;6004 20x42x12 (1).ipt;C:\projekty\2028 AGAPIT Nalewarka\6004 20x42x12 (1).ipt;2028 AGAPIT Nalewarka
Łożysko kulkowe;6004 Z;oprawa 6004 z łesko.ipt;C:\projekty\2020 Fabryka Zapachów przeróbka\oprawa 6004 z łesko.ipt;2020 Fabryka Zapachów przeróbka
Łożysko kulkowe;6004ZZ;6004ZZ.ipt;C:\projekty\2020 Fabryka Zapachów przeróbka\6004ZZ.ipt;2020 Fabryka Zapachów przeróbka
Łożysko kulkowe;6005;DIN 625 SKF - SKF 6005.ipt;C:\projekty\2135 PUREICE pakowaczka nr2\DIN 625 SKF - SKF 6005.ipt;2135 PUREICE pakowaczka nr2
Łożysko kulkowe;6007;6007 Ball.ipt;C:\projekty\2223 Fabryka Zapachów\Importowane komponenty\6007\6007 Ball.ipt;2223 Fabryka Zapachów
Łożysko kulkowe;6009;45mm Bearing SKF 6009 (RS 286-7754).ipt;C:\projekty\2108 Wieszaki Etykieciarka\45mm Bearing SKF 6009 (RS 286-7754).ipt;2108 Wieszaki Etykieciarka
Łożysko kulkowe;6059;6059 LBN-20_25---(L).ipt;C:\projekty\2243 BernardKopia\6059 LBN-20_25---(L).ipt;2243 BernardKopia
Łożysko kulkowe;6201;6201 12x32x10.ipt;C:\projekty\2028 AGAPIT Nalewarka\6201 12x32x10.ipt;2028 AGAPIT Nalewarka
Łożysko kulkowe;6201ZZ;6201ZZ 12x32x10.ipt;C:\projekty\2218 Zakręcarka podwójna\6201ZZ 12x32x10.ipt;2218 Zakręcarka podwójna
Łożysko kulkowe;6204;6204 Ball.ipt;C:\projekty\2317 Rumunia Jajka\Importowane komponenty\6204\6204 Ball.ipt;2317 Rumunia Jajka
Łożysko kulkowe;6205;DIN 625 SKF - SKF 6205.ipt;C:\projekty\2111 Zakręcarka AGAPIT chwytak\DIN 625 SKF - SKF 6205.ipt;2111 Zakręcarka AGAPIT chwytak
Łożysko kulkowe;6300;6300 Ball.ipt;C:\projekty\2317 Rumunia Jajka\Importowane komponenty\6300\6300 Ball.ipt;2317 Rumunia Jajka
Łożysko kulkowe;6301;CU. 37-12-12_SKF - 6301 - 8,SI,NC,8_68.ipt;C:\projekty\2317 Rumunia Jajka\Importowane komponenty\R 3-4S M12 cod. 94061901\CU. 37-12-12_SKF - 6301 - 8,SI,NC,8_68.ipt;2317 Rumunia Jajka
Łożysko kulkowe;6304;podkładka 6304.ipt;C:\projekty\2223 Fabryka Zapachów\podkładka 6304.ipt;2223 Fabryka Zapachów
Łożysko kulkowe;6329;KOLO NAPINACZA STIGA 1134-6329-02.ipt;C:\projekty\2223 Fabryka Zapachów\KOLO NAPINACZA STIGA 1134-6329-02.ipt;2223 Fabryka Zapachów
Łożysko kulkowe;6330;TTO 6330 32 LH.iam;C:\projekty\2129 Strzykawki\Importowane komponenty\TTO 6330 32 LH\TTO 6330 32 LH.iam;2129 Strzykawki
Łożysko w oprawie (UC../ASAHI);KFL001;kątownik pod KFL001.ipt;C:\projekty\2254 Torebki NATURARAJ\kątownik pod KFL001.ipt;2254 Torebki NATURARAJ
Łożysko w oprawie (UC../ASAHI);KFL002;wwqqwqwwq KFL002.ipt;C:\projekty\2317 Rumunia Jajka\wwqqwqwwq KFL002.ipt;2317 Rumunia Jajka
Łożysko w oprawie (UC../ASAHI);KFL002-62661500;KFL002-62661500.iam;C:\projekty\2223 Fabryka Zapachów\Importowane komponenty\KFL002-62661500\KFL002-62661500.iam;2223 Fabryka Zapachów
Łożysko w oprawie (UC../ASAHI);KFL005-ASAHI;KFL005-ASAHI.ipt;C:\projekty\2241 Nalewarka FUELS\Importowane komponenty\KFL005-ASAHI\KFL005-ASAHI.ipt;2241 Nalewarka FUELS
Łożysko w oprawie (UC../ASAHI);KFL006-ASAHI;KFL006-ASAHI.ipt;C:\projekty\2317 Rumunia Jajka\Importowane komponenty\KFL006-ASAHI\KFL006-ASAHI.ipt;2317 Rumunia Jajka
Łożysko w oprawie (UC../ASAHI);KP001-ASAHI;KP001-ASAHI.ipt;C:\projekty\2223 Fabryka Zapachów\Importowane komponenty\KP001-ASAHI\KP001-ASAHI.ipt;2223 Fabryka Zapachów
Łożysko w oprawie (UC../ASAHI);UCF205;HPC - UCF205.iam;C:\projekty\2135 PUREICE pakowaczka nr2\HPC - UCF205.iam;2135 PUREICE pakowaczka nr2
Łożysko w oprawie (UC../ASAHI);UCFL201;nakrętka UCFL201.ipt;C:\projekty\2214 Jajka Dania\nakrętka UCFL201.ipt;2214 Jajka Dania
Łożysko w oprawie (UC../ASAHI);UCFL202;UCFL202.iam;C:\projekty\2139 Zakręcarka Epoxy\UCFL202.iam;2139 Zakręcarka Epoxy
Łożysko w oprawie (UC../ASAHI);UCFL205D1(25_D1);UCFL205D1(25_D1).iam;C:\projekty\2317 Rumunia Jajka\Importowane komponenty\UCFL205D1(25_D1)\UCFL205D1(25_D1).iam;2317 Rumunia Jajka
Łożysko w oprawie (UC../ASAHI);UCFL205D1UCFL;UCFL205D1UCFL Housing.ipt;C:\projekty\2317 Rumunia Jajka\Importowane komponenty\UCFL205D1(25_D1)\UCFL205D1UCFL Housing.ipt;2317 Rumunia Jajka
Łożysko w oprawie (UC../ASAHI);UCP208;ucp208.iam;C:\projekty\2133 Sweetworld TUBY\Importowane komponenty\ucp208\ucp208.iam;2133 Sweetworld TUBY
