Symbol;Nazwa;Opis;Srednica wewn. [mm];Przekroj [mm];Material;Dostepne
OR-1,6X2 EPDM;;Oring;1,6;2;EPDM;0
OR-11X2 NBR;;Oring;11;2;NBR;0
OR-11X2 FPM;;Oring;11;2;FPM;0
OR-14X2,5 FPM;;Oring;14;2,5;FPM;0
OR-20X2,5 EPDM;;Oring;20;2,5;EPDM;0
OR-58X3,5 FPM;;Oring;58;3,5;FPM;0
OR-5X3,5 NBR;;Oring;5;3,5;NBR;0
OR-7X2 EPDM;;Oring;7;2;EPDM;0
OR-90X6 SIL;;Oring;90;6;SIL;0
OR-110X5.33 SIL;;Oring;110;5,33;SIL;0
OR-16X2 SIL;;Oring;16;2;SIL;0
OR-38X6 SIL;;Oring;38;6;SIL;0
OR-38X4 SIL;;Oring;38;4;SIL;0
OR-40X3 SIL;;Oring;40;3;SIL;0
OR-92X6 SIL;;Oring;92;6;SIL;0
