Srednica wewn. [mm];Przekroj [mm];D zewnetrzna [mm];Ile wariantow (material);Symbole
1,6;2;5,6;1;OR-1,6/2-70EPDM
3;3;9;1;OR-3X3 EPDM
4;1,5;7;1;OR-4X1,5 EPDM
4;1,8;7,6;1;OR-4X1,8 EPDM
5;1;7;2;OR-5X1 EPDM, OR-5X1 FKM
5;1,5;8;2;OR-5X1,5 EPDM, OR-5X1,5 FPM
5;2;9;2;OR-5X2 EPDM, OR-5X2 VITON
5;3,5;12;1;OR-5X3,5NBR
6;1;8;1;OR-6X1 FKM
6;1,5;9;1;OR-6X1,5 FPM
6;2;10;1;OR-6X2 VITON
6;2,5;11;1;OR-6X2,5 EPDM
6;3;12;1;OR-6X3 EPDM
6;4;14;1;OR-6X4 NBR
6,02;2,62;11,26;1;OR-6,02X2,62 FKM
6,5;2;10,5;1;OR-6,5X2 NBR
7;1;9;1;OR-7X1 EPDM
7;1,5;10;1;OR-7X1,5 EPDM
7;2;11;2;OR-7X2 FKM, OR-7X2EPDM
7;2,5;12;1;OR-7X2,5 FKM
7;3;13;2;OR-7X3 EPDM, OR-7X3 NBR
8;1,5;11;1;OR-8X1,5 FPM
8;2;12;1;OR-8X2 VITON
9;1,5;12;1;OR-9X1,5 EPDM
10;2;14;2;OR-10X2 EPDM, OR-10X2 VITON
10;2,5;15;1;OR-10X2,5 FPM
11;2;15;3;OR-11/2-70NBR, OR-11X2 VITON, OR-11x2
11;2,5;16;1;OR-11X2,5 FPM
12;2;16;2;OR-12X2 EPDM, OR-12X2 FPM
13;1,5;16;3;OR-13/1,5-70EPDM, OR-13X1,5 EPDM, OR-13X1,5 FPM
13;2;17;2;OR-13X2 EPDM, OR-13X2 FPM
13;2,5;18;2;OR-13X2,5 EPDM, OR-13X2,5 NBR
14;1,5;17;1;OR-14X1,5 FPM
14;2,5;19;1;OR-14X2,5
14;3;20;1;OR-14X3 EPDM
14;3,5;21;2;OR-14X3,5 EPDM, OR-14X3,5 FKM
14;6;26;2;OR-14X6 EPDM, OR-14X6 VITON
15;1,5;18;1;OR-15X1,5 EPDM
15;2;19;1;OR-15X2 VITON
15;2,5;20;2;OR-15X2,5 EPDM, OR-15X2,5 FKM
16;1;18;1;OR-16X1 EPDM
16;1,5;19;2;OR-16X1,5 EPDM, OR-16X1,5 FPM
16;2;20;3;OR-16X2 EPDM, OR-16X2 VITON, OR-16X2 VMQ
16;2,5;21;2;OR-16X2,5 EPDM, OR-16X2,5 FKM
16;3;22;2;OR-16X3 EPDM, OR-16X3 VITON
17;1,5;20;1;OR-17X1,5 EPDM
17;1,8;20,6;1;OR-17X1,8 EPDM
17;2;21;2;OR-17X2 EPDM, OR-17X2 FPM
17;4;25;1;OR-17X4 FKM
17,5;4;25,5;1;OR-17,5X4 FPM
18;2;22;3;OR-18X2 EPDM, OR-18X2 VITON, OR-18X2 VMQ
18;3;24;2;OR-18X3 EPDM, OR-18X3 VITON
18;4;26;1;OR-18X4 NBR
18;6;30;1;OR-18X6 EPDM
19;3;25;1;OR-19X3 VITON
20;2;24;1;OR-20X2 FPM
20;2,5;25;1;OR-20X2.5 EPDM
20;3;26;2;OR-20X3 EPDM, OR-20X3 FKM
22;3;28;1;OR-22X3 FKM
24;2;28;2;OR-24X2 EPDM, OR-24X2 VITON
24;3;30;1;OR-24X3 EPDM
24;4;32;3;OR-24X4 EPDM, OR-24X4 FKM, OR-24X4 VMQ
25;1,5;28;1;OR-25X1,5 EPDM
25;2;29;1;OR-25X2 EPDM
25;3;31;3;OR-25X3 EPDM, OR-25X3 FPM, OR-25X3 NBR
25;4;33;1;OR-25X4 FPM
25;6;37;2;OR-25X6 NBR, OR-25X6 VITON
26;2;30;1;OR-26X2 FKM
26;4,5;35;1;OR-26X4,5 FPM
26;6;38;3;OR-26X6 NBR, OR-26X6 VITON, OR-26X6 VMQ
26,2;3;32,2;1;OR-26,2X3 EPDM
27;1,5;30;1;OR-27X1,5 FKM
27;2;31;1;OR-27X2 FKM
27;3;33;1;OR-27X3 FKM
27;4;35;1;OR-27X4 EPDM
28;1,5;31;1;OR-28X1,5 EPDM
28;2;32;1;OR-28X2 EPDM
28;2,5;33;1;OR-28X2,5 EPDM
28;3;34;3;OR-28X3 EPDM, OR-28X3 FKM, OR-28X3 VMQ
30;3;36;2;OR-30X3 EPDM, OR-30X3 NBR
31;3;37;2;OR-31X3 EPDM, OR-31X3 FKM
31,5;3,5;38,5;1;OR-31,5X3,5 EPDM
32;3;38;2;OR-32X3 EPDM, OR-32X3 FKM
32;3,5;39;1;OR-32X3,5 FKM
32;6;44;1;OR-32X6 EPDM
33;3;39;1;OR-33X3 FKM
33;4;41;1;OR-33X4 EPDM
33;6;45;1;OR-33X6 VMQ
34;3;40;1;OR-34X3 FKM
34;4;42;2;OR-34X4 EPDM, OR-34X4 VMQ
36;2;40;1;OR-36X2 FPM
37;3;43;1;OR-37X3 EPDM
38;4;46;2;OR-38X4 S, OR-38X4 Silikon
38;6;50;1;OR-38X6 VMQ
39;3;45;1;OR-39X3 EPDM
40;2,5;45;1;OR-40X2,5 EPDM
40;3;46;4;OR-40X3 EPDM, OR-40X3 S, OR-40X3 Silikon, OR-40X3 VITON
40;4;48;3;OR-40X4 EPDM, OR-40X4 FKM, OR-40X4 VQM
40;5;50;1;OR-40X5 VMQ
41;4;49;1;OR-41X4 FKM
42;3;48;1;OR-42X3 EPDM
42;4;50;1;OR-42X4 FPM
43;3;49;1;OR-43X3 FPM
44;4;52;1;OR-44X4 FKM
45;3;51;3;OR-45X3 EPDM, OR-45X3 FPM, OR-45X5 VMQ
46;3;52;2;OR-46X3 EPDM, OR-46X3 FPM
46;5;56;1;OR-46X5 EPDM
46;6;58;1;OR-46X6 EPDM
48;3;54;2;OR-48X3 EPDM, OR-48X3 FPM
48;4;56;1;OR-48X4 EPDM
49;3;55;2;OR-49X3 EPDM, OR-49X3 VITON
50;3;56;1;OR-50X3 EPDM
50;5;60;1;OR-50X5 VMQ
50;6;62;1;OR-50X6 FKM
52;3;58;1;OR-52X3 EPDM
52;4;60;1;OR-52X4 FPM
53;5;63;1;OR-53X5 EPDM
55;2,5;60;1;OR-55X2,5 EPDM
55;3;61;1;OR-55X3 EPDM
56;2;60;1;OR-56X2 FPM
56;6;68;1;OR-56X6 FPM
58;3;64;2;OR-58/3.5 80FPM, OR-58X3 EPDM
58;3,5;65;1;OR-58X3,5 VITON
58;5;68;1;OR-58X5 EPDM
60;3;66;1;OR-60X3 FKM
60;4;68;2;OR-60X4 EPDM, OR-60X4 FKM
60;5;70;1;OR-60X5 EPDM
62;3;68;2;OR-62X3 EPDM, OR-62X3 FPM
63;1,5;66;1;OR-63X1,5 NBR
64;3;70;2;OR-64X3 EPDM, OR-64X3 FPM
65;1,5;68;1;OR-65X1,5 EPDM
68;3;74;1;OR-68X3 EPDM
70;3;76;1;OR-70X3 EPDM
72;3;78;1;OR-72X3 EPDM
75;3;81;1;OR-75X3 EPDM
78;3;84;1;OR-78X3 EPDM
80;3;86;2;OR-80X3 EPDM, OR-80X3 FPM
80;5;90;1;OR-80X5 FKM
84;3;90;1;OR-84X3 NBR
85;3;91;1;OR-85X3 VMQ
90;6;102;1;OR-90X6
92;6;104;2;OR-92X6 S, OR-92X6 Silikon
105;2;109;1;OR-105X2 FKM
110;5,33;120,66;1;OR-110X5.33 VMQ
115;3;121;1;OR-115X3 NBR
142,47;3,53;149,53;1;OR-142X3 VITON
145,64;3,53;152,7;1;OR-145X3 VITON
150;3;156;1;OR-150X3 VMQ
